offer_keywords,offer_location,offer_quantity,request_keywords,request_location,request_quantity,label,location_distance,quantity_diff,keyword_overlap,keyword_jaccard,offer_kw_aluminum,request_kw_aluminum,offer_kw_copper,request_kw_copper,offer_kw_glass,request_kw_glass,offer_kw_plastic,request_kw_plastic,offer_kw_steel,request_kw_steel,offer_kw_wood,request_kw_wood
"steel,plastic,aluminum",PHI,21,"aluminum,steel,glass",PHI,24,1,0.0,3,2,0.5,1,1,0,0,0,1,1,0,1,1,0,0
"steel,wood,glass",LA,64,wood,HOU,89,0,2210.3044695612357,25,1,0.3333333333333333,0,0,0,0,1,0,0,0,1,0,1,1
steel,HOU,60,"steel,plastic,copper",NY,3,0,2283.538694936679,57,1,0.3333333333333333,0,0,0,1,0,0,0,1,1,1,0,0
glass,HOU,89,"wood,glass",LA,84,0,2210.3044695612357,5,1,0.5,0,0,0,0,1,1,0,0,0,0,0,1
"plastic,copper,wood",NY,36,"steel,wood",LA,4,0,3944.422231489921,32,1,0.25,0,0,1,0,0,0,1,0,0,1,1,1
"steel,wood",HOU,14,"copper,wood,plastic",PHI,80,0,2158.359053661567,66,1,0.25,0,0,0,1,0,0,0,1,1,0,1,1
wood,HOU,60,plastic,NY,71,0,2283.538694936679,11,0,0.0,0,0,0,0,0,0,0,1,0,0,1,0
plastic,CHI,81,"glass,plastic,copper",LA,41,0,2809.541357660602,40,1,0.3333333333333333,0,0,0,1,0,1,1,1,0,0,0,0
"wood,copper,aluminum",PHI,99,"plastic,glass",CHI,1,0,1070.5725893191616,98,0,0.0,1,0,1,0,0,1,0,1,0,0,1,0
aluminum,LA,42,aluminum,HOU,94,0,2210.3044695612357,52,1,1.0,1,1,0,0,0,0,0,0,0,0,0,0
aluminum,CHI,86,"glass,wood",HOU,28,0,1513.9650992867876,58,0,0.0,1,0,0,0,0,1,0,0,0,0,0,1
"copper,steel",HOU,89,"plastic,wood,glass",NY,77,0,2283.538694936679,12,0,0.0,0,0,1,0,0,1,0,1,1,0,0,1
copper,NY,51,"copper,aluminum",NY,62,1,0.0,11,1,0.5,0,1,1,1,0,0,0,0,0,0,0,0
wood,LA,3,plastic,NY,2,0,3944.422231489921,1,0,0.0,0,0,0,0,0,0,0,1,0,0,1,0
"plastic,wood",CHI,2,steel,HOU,55,0,1513.9650992867876,53,0,0.0,0,0,0,0,0,0,1,0,0,1,1,0
"copper,glass,plastic",PHI,98,"plastic,glass",HOU,59,0,2158.359053661567,39,2,0.6666666666666666,0,0,1,0,1,1,1,1,0,0,0,0
"steel,plastic",CHI,90,"steel,plastic,aluminum",NY,33,0,1147.191043173558,57,2,0.6666666666666666,0,1,0,0,0,0,1,1,1,1,0,0
"aluminum,glass,copper",LA,23,"steel,copper,glass",LA,60,1,0.0,37,2,0.5,1,0,1,1,1,1,0,0,0,1,0,0
copper,PHI,37,"copper,plastic,glass",CHI,20,0,1070.5725893191616,17,1,0.3333333333333333,0,0,1,1,0,1,0,1,0,0,0,0
"copper,plastic",HOU,38,"plastic,glass",LA,82,0,2210.3044695612357,44,1,0.3333333333333333,0,0,1,0,0,1,1,1,0,0,0,0
"plastic,copper",HOU,33,plastic,NY,33,0,2283.538694936679,0,1,0.5,0,0,1,0,0,0,1,1,0,0,0,0
"steel,glass,plastic",CHI,27,"aluminum,plastic",NY,69,0,1147.191043173558,42,1,0.25,0,1,0,0,1,0,1,1,1,0,0,0
copper,NY,44,"steel,glass",NY,37,0,0.0,7,0,0.0,0,0,1,0,0,1,0,0,0,1,0,0
aluminum,NY,63,aluminum,LA,25,0,3944.422231489921,38,1,1.0,1,1,0,0,0,0,0,0,0,0,0,0
"steel,glass",LA,32,"steel,copper,glass",LA,90,1,0.0,58,2,0.6666666666666666,0,0,0,1,1,1,0,0,1,1,0,0
copper,PHI,42,"copper,glass,steel",PHI,60,1,0.0,18,1,0.3333333333333333,0,0,1,1,0,1,0,0,0,1,0,0
"wood,plastic",HOU,87,"aluminum,steel,wood",CHI,25,0,1513.9650992867876,62,1,0.25,0,1,0,0,0,0,1,0,0,1,1,1
"steel,wood",NY,52,"plastic,copper",PHI,60,0,129.724928189055,8,0,0.0,0,0,0,1,0,0,0,1,1,0,1,0
wood,CHI,55,wood,NY,63,0,1147.191043173558,8,1,1.0,0,0,0,0,0,0,0,0,0,0,1,1
"aluminum,steel,copper",LA,62,"wood,plastic,copper",LA,1,1,0.0,61,1,0.2,1,0,1,1,0,0,0,1,1,0,0,1
"aluminum,wood,copper",NY,16,steel,LA,16,0,3944.422231489921,0,0,0.0,1,0,1,0,0,0,0,0,0,1,1,0
"glass,wood,plastic",PHI,47,copper,PHI,39,0,0.0,8,0,0.0,0,0,0,1,1,0,1,0,0,0,1,0
steel,PHI,34,"steel,glass,copper",NY,69,0,129.724928189055,35,1,0.3333333333333333,0,0,0,1,0,1,0,0,1,1,0,0
aluminum,HOU,50,"plastic,wood,aluminum",CHI,12,0,1513.9650992867876,38,1,0.3333333333333333,1,1,0,0,0,0,0,1,0,0,0,1
"wood,copper,plastic",HOU,29,aluminum,CHI,87,0,1513.9650992867876,58,0,0.0,0,1,1,0,0,0,1,0,0,0,1,0
steel,LA,7,"aluminum,glass",HOU,89,0,2210.3044695612357,82,0,0.0,0,1,0,0,0,1,0,0,1,0,0,0
wood,NY,24,"copper,aluminum,plastic",PHI,12,0,129.724928189055,12,0,0.0,0,1,0,1,0,0,0,1,0,0,1,0
glass,NY,62,plastic,HOU,12,0,2283.538694936679,50,0,0.0,0,0,0,0,1,0,0,1,0,0,0,0
plastic,HOU,78,"steel,aluminum,copper",PHI,69,0,2158.359053661567,9,0,0.0,0,1,0,1,0,0,1,0,0,1,0,0
"plastic,copper,wood",HOU,53,"glass,wood,plastic",LA,5,0,2210.3044695612357,48,2,0.5,0,0,1,0,0,1,1,1,0,0,1,1
"glass,steel,plastic",HOU,9,"wood,aluminum",PHI,40,0,2158.359053661567,31,0,0.0,0,1,0,0,1,0,1,0,1,0,0,1
"aluminum,glass",PHI,29,plastic,HOU,17,0,2158.359053661567,12,0,0.0,1,0,0,0,1,0,0,1,0,0,0,0
"aluminum,wood,plastic",CHI,61,"glass,steel",CHI,45,0,0.0,16,0,0.0,1,0,0,0,0,1,1,0,0,1,1,0
steel,HOU,72,glass,NY,63,0,2283.538694936679,9,0,0.0,0,0,0,0,0,1,0,0,1,0,0,0
wood,LA,44,glass,PHI,75,0,3851.942945495115,31,0,0.0,0,0,0,0,0,1,0,0,0,0,1,0
aluminum,NY,49,"wood,aluminum",NY,75,1,0.0,26,1,0.5,1,1,0,0,0,0,0,0,0,0,0,1
"wood,plastic",LA,92,"copper,wood",HOU,64,0,2210.3044695612357,28,1,0.3333333333333333,0,0,0,1,0,0,1,0,0,0,1,1
"plastic,wood,glass",HOU,77,glass,CHI,69,0,1513.9650992867876,8,1,0.3333333333333333,0,0,0,0,1,1,1,0,0,0,1,0
"aluminum,wood,glass",CHI,5,"glass,copper,wood",CHI,85,1,0.0,80,2,0.5,1,0,0,1,1,1,0,0,0,0,1,1
"plastic,glass",NY,98,glass,HOU,81,0,2283.538694936679,17,1,0.5,0,0,0,0,1,1,1,0,0,0,0,0
plastic,PHI,37,"copper,aluminum",NY,1,0,129.724928189055,36,0,0.0,0,1,0,1,0,0,1,0,0,0,0,0
"wood,steel,plastic",NY,32,"steel,wood",CHI,50,0,1147.191043173558,18,2,0.6666666666666666,0,0,0,0,0,0,1,0,1,1,1,1
copper,CHI,57,wood,CHI,38,0,0.0,19,0,0.0,0,0,1,0,0,0,0,0,0,0,0,1
"steel,wood",CHI,51,"wood,copper,aluminum",HOU,30,0,1513.9650992867876,21,1,0.25,0,1,0,1,0,0,0,0,1,0,1,1
"aluminum,copper,glass",HOU,10,wood,PHI,66,0,2158.359053661567,56,0,0.0,1,0,1,0,1,0,0,0,0,0,0,1
plastic,NY,23,"plastic,aluminum,steel",CHI,27,0,1147.191043173558,4,1,0.3333333333333333,0,1,0,0,0,0,1,1,0,1,0,0
glass,PHI,5,"wood,aluminum",NY,5,0,129.724928189055,0,0,0.0,0,1,0,0,1,0,0,0,0,0,0,1
wood,LA,45,"copper,glass,wood",CHI,63,0,2809.541357660602,18,1,0.3333333333333333,0,0,0,1,0,1,0,0,0,0,1,1
wood,NY,99,steel,LA,26,0,3944.422231489921,73,0,0.0,0,0,0,0,0,0,0,0,0,1,1,0
"plastic,steel",CHI,18,"steel,plastic",NY,28,0,1147.191043173558,10,2,1.0,0,0,0,0,0,0,1,1,1,1,0,0
"copper,glass",HOU,25,wood,NY,18,0,2283.538694936679,7,0,0.0,0,0,1,0,1,0,0,0,0,0,0,1
"aluminum,copper,steel",CHI,42,wood,CHI,70,0,0.0,28,0,0.0,1,0,1,0,0,0,0,0,1,0,0,1
wood,HOU,94,"plastic,copper,glass",PHI,36,0,2158.359053661567,58,0,0.0,0,0,0,1,0,1,0,1,0,0,1,0
"steel,copper,wood",NY,94,"glass,copper",LA,51,0,3944.422231489921,43,1,0.25,0,0,1,1,0,1,0,0,1,0,1,0
steel,HOU,19,plastic,LA,14,0,2210.3044695612357,5,0,0.0,0,0,0,0,0,0,0,1,1,0,0,0
"plastic,glass",CHI,33,"glass,copper",HOU,2,0,1513.9650992867876,31,1,0.3333333333333333,0,0,0,1,1,1,1,0,0,0,0,0
aluminum,NY,17,glass,PHI,62,0,129.724928189055,45,0,0.0,1,0,0,0,0,1,0,0,0,0,0,0
"plastic,steel",LA,76,"copper,aluminum,plastic",PHI,72,0,3851.942945495115,4,1,0.25,0,1,0,1,0,0,1,1,1,0,0,0
"wood,aluminum,glass",PHI,37,steel,HOU,89,0,2158.359053661567,52,0,0.0,1,0,0,0,1,0,0,0,0,1,1,0
copper,CHI,38,plastic,LA,78,0,2809.541357660602,40,0,0.0,0,0,1,0,0,0,0,1,0,0,0,0
copper,CHI,72,"wood,aluminum",CHI,36,0,0.0,36,0,0.0,0,1,1,0,0,0,0,0,0,0,0,1
plastic,CHI,55,steel,PHI,74,0,1070.5725893191616,19,0,0.0,0,0,0,0,0,0,1,0,0,1,0,0
steel,PHI,88,"glass,plastic,wood",HOU,45,0,2158.359053661567,43,0,0.0,0,0,0,0,0,1,0,1,1,0,0,1
"glass,steel",CHI,69,"steel,wood,copper",LA,46,0,2809.541357660602,23,1,0.25,0,0,0,1,1,0,0,0,1,1,0,1
"aluminum,wood,copper",NY,97,"copper,plastic,steel",PHI,72,0,129.724928189055,25,1,0.2,1,0,1,1,0,0,0,1,0,1,1,0
"copper,aluminum,wood",NY,51,glass,NY,46,0,0.0,5,0,0.0,1,0,1,0,0,1,0,0,0,0,1,0
wood,NY,1,"plastic,steel,copper",NY,53,0,0.0,52,0,0.0,0,0,0,1,0,0,0,1,0,1,1,0
wood,NY,35,"copper,aluminum,wood",LA,7,0,3944.422231489921,28,1,0.3333333333333333,0,1,0,1,0,0,0,0,0,0,1,1
"glass,copper",CHI,59,"glass,copper,plastic",NY,49,0,1147.191043173558,10,2,0.6666666666666666,0,0,1,1,1,1,0,1,0,0,0,0
aluminum,NY,71,aluminum,HOU,63,0,2283.538694936679,8,1,1.0,1,1,0,0,0,0,0,0,0,0,0,0
wood,CHI,56,"plastic,wood,glass",CHI,18,1,0.0,38,1,0.3333333333333333,0,0,0,0,0,1,0,1,0,0,1,1
steel,HOU,94,"plastic,aluminum",CHI,32,0,1513.9650992867876,62,0,0.0,0,1,0,0,0,0,0,1,1,0,0,0
"steel,copper",NY,87,"aluminum,copper,steel",NY,57,1,0.0,30,2,0.6666666666666666,0,1,1,1,0,0,0,0,1,1,0,0
"glass,plastic,steel",NY,67,"copper,aluminum,plastic",CHI,16,0,1147.191043173558,51,1,0.2,0,1,0,1,1,0,1,1,1,0,0,0
glass,LA,7,"plastic,glass",HOU,29,0,2210.3044695612357,22,1,0.5,0,0,0,0,1,1,0,1,0,0,0,0
"glass,aluminum",CHI,2,"wood,plastic,copper",NY,98,0,1147.191043173558,96,0,0.0,1,0,0,1,1,0,0,1,0,0,0,1
steel,HOU,24,steel,NY,81,0,2283.538694936679,57,1,1.0,0,0,0,0,0,0,0,0,1,1,0,0
"copper,wood",NY,22,"wood,steel,copper",PHI,98,0,129.724928189055,76,2,0.6666666666666666,0,0,1,1,0,0,0,0,0,1,1,1
"steel,aluminum,glass",PHI,42,copper,LA,76,0,3851.942945495115,34,0,0.0,1,0,0,1,1,0,0,0,1,0,0,0
"glass,wood,steel",NY,31,"copper,aluminum",PHI,71,0,129.724928189055,40,0,0.0,0,1,0,1,1,0,0,0,1,0,1,0
"wood,glass",LA,46,"plastic,aluminum",HOU,26,0,2210.3044695612357,20,0,0.0,0,1,0,0,1,0,0,1,0,0,1,0
steel,HOU,59,"steel,copper,glass",PHI,56,0,2158.359053661567,3,1,0.3333333333333333,0,0,0,1,0,1,0,0,1,1,0,0
aluminum,HOU,81,"glass,steel",LA,66,0,2210.3044695612357,15,0,0.0,1,0,0,0,0,1,0,0,0,1,0,0
plastic,NY,61,"aluminum,copper,glass",LA,44,0,3944.422231489921,17,0,0.0,0,1,0,1,0,1,1,0,0,0,0,0
"copper,steel,wood",HOU,59,"wood,glass,plastic",NY,47,0,2283.538694936679,12,1,0.2,0,0,1,0,0,1,0,1,1,0,1,1
"plastic,glass",NY,82,aluminum,LA,47,0,3944.422231489921,35,0,0.0,0,1,0,0,1,0,1,0,0,0,0,0
"glass,wood",PHI,7,copper,LA,95,0,3851.942945495115,88,0,0.0,0,0,0,1,1,0,0,0,0,0,1,0
"steel,aluminum",NY,14,"aluminum,plastic,steel",CHI,37,0,1147.191043173558,23,2,0.6666666666666666,1,1,0,0,0,0,0,1,1,1,0,0
"steel,aluminum,copper",NY,4,wood,PHI,42,0,129.724928189055,38,0,0.0,1,0,1,0,0,0,0,0,1,0,0,1
"steel,copper",CHI,13,steel,HOU,29,0,1513.9650992867876,16,1,0.5,0,0,1,0,0,0,0,0,1,1,0,0
"wood,glass",NY,16,"glass,wood,aluminum",HOU,5,0,2283.538694936679,11,2,0.6666666666666666,0,1,0,0,1,1,0,0,0,0,1,1
glass,LA,68,"plastic,wood",NY,15,0,3944.422231489921,53,0,0.0,0,0,0,0,1,0,0,1,0,0,0,1
aluminum,PHI,61,steel,CHI,62,0,1070.5725893191616,1,0,0.0,1,0,0,0,0,0,0,0,0,1,0,0
copper,HOU,93,"glass,plastic,steel",LA,98,0,2210.3044695612357,5,0,0.0,0,0,1,0,0,1,0,1,0,1,0,0
wood,PHI,5,"glass,copper",PHI,35,0,0.0,30,0,0.0,0,0,0,1,0,1,0,0,0,0,1,0
"copper,aluminum",CHI,13,wood,LA,11,0,2809.541357660602,2,0,0.0,1,0,1,0,0,0,0,0,0,0,0,1
plastic,CHI,25,"aluminum,copper",NY,5,0,1147.191043173558,20,0,0.0,0,1,0,1,0,0,1,0,0,0,0,0
"steel,copper,aluminum",CHI,5,"wood,aluminum",PHI,77,0,1070.5725893191616,72,1,0.25,1,1,1,0,0,0,0,0,1,0,0,1
wood,CHI,58,"aluminum,copper,glass",CHI,80,0,0.0,22,0,0.0,0,1,0,1,0,1,0,0,0,0,1,0
plastic,CHI,45,aluminum,HOU,7,0,1513.9650992867876,38,0,0.0,0,1,0,0,0,0,1,0,0,0,0,0
glass,LA,10,"steel,wood,aluminum",PHI,93,0,3851.942945495115,83,0,0.0,0,1,0,0,1,0,0,0,0,1,0,1
"glass,steel,wood",NY,17,"aluminum,wood,steel",CHI,30,0,1147.191043173558,13,2,0.5,0,1,0,0,1,0,0,0,1,1,1,1
"wood,copper,aluminum",HOU,60,"glass,wood,plastic",HOU,96,1,0.0,36,1,0.2,1,0,1,0,0,1,0,1,0,0,1,1
"copper,plastic",NY,10,"aluminum,copper",LA,14,0,3944.422231489921,4,1,0.3333333333333333,0,1,1,1,0,0,1,0,0,0,0,0
"plastic,steel,wood",HOU,76,"aluminum,glass,plastic",CHI,75,0,1513.9650992867876,1,1,0.2,0,1,0,0,0,1,1,1,1,0,1,0
"wood,steel",HOU,81,"plastic,aluminum,glass",PHI,29,0,2158.359053661567,52,0,0.0,0,1,0,0,0,1,0,1,1,0,1,0
"steel,aluminum,copper",CHI,27,"plastic,wood,aluminum",PHI,59,0,1070.5725893191616,32,1,0.2,1,1,1,0,0,0,0,1,1,0,0,1
"plastic,glass",NY,58,"aluminum,glass",HOU,18,0,2283.538694936679,40,1,0.3333333333333333,0,1,0,0,1,1,1,0,0,0,0,0
"copper,steel,plastic",NY,93,copper,PHI,64,0,129.724928189055,29,1,0.3333333333333333,0,0,1,1,0,0,1,0,1,0,0,0
aluminum,NY,94,"wood,plastic",NY,60,0,0.0,34,0,0.0,1,0,0,0,0,0,0,1,0,0,0,1
"glass,wood,plastic",CHI,64,aluminum,LA,95,0,2809.541357660602,31,0,0.0,0,1,0,0,1,0,1,0,0,0,1,0
"aluminum,plastic",NY,8,"plastic,copper,steel",HOU,46,0,2283.538694936679,38,1,0.25,1,0,0,1,0,0,1,1,0,1,0,0
"wood,plastic,steel",LA,97,"wood,plastic",NY,77,0,3944.422231489921,20,2,0.6666666666666666,0,0,0,0,0,0,1,1,1,0,1,1
"steel,glass",LA,15,"aluminum,copper",CHI,6,0,2809.541357660602,9,0,0.0,0,1,0,1,1,0,0,0,1,0,0,0
copper,NY,76,"copper,steel",CHI,84,0,1147.191043173558,8,1,0.5,0,0,1,1,0,0,0,0,0,1,0,0
"copper,steel",NY,60,"steel,copper",HOU,13,0,2283.538694936679,47,2,1.0,0,0,1,1,0,0,0,0,1,1,0,0
glass,HOU,45,steel,LA,83,0,2210.3044695612357,38,0,0.0,0,0,0,0,1,0,0,0,0,1,0,0
"aluminum,plastic",LA,35,glass,PHI,31,0,3851.942945495115,4,0,0.0,1,0,0,0,0,1,1,0,0,0,0,0
"aluminum,wood",HOU,24,"copper,plastic",LA,98,0,2210.3044695612357,74,0,0.0,1,0,0,1,0,0,0,1,0,0,1,0
"steel,copper",CHI,58,"aluminum,plastic",PHI,15,0,1070.5725893191616,43,0,0.0,0,1,1,0,0,0,0,1,1,0,0,0
aluminum,LA,44,"copper,glass",PHI,41,0,3851.942945495115,3,0,0.0,1,0,0,1,0,1,0,0,0,0,0,0
"copper,plastic",NY,84,"plastic,glass",HOU,66,0,2283.538694936679,18,1,0.3333333333333333,0,0,1,0,0,1,1,1,0,0,0,0
"glass,plastic,steel",HOU,56,steel,LA,93,0,2210.3044695612357,37,1,0.3333333333333333,0,0,0,0,1,0,1,0,1,1,0,0
"wood,plastic",CHI,76,plastic,PHI,47,0,1070.5725893191616,29,1,0.5,0,0,0,0,0,0,1,1,0,0,1,0
wood,HOU,56,"copper,plastic,steel",LA,78,0,2210.3044695612357,22,0,0.0,0,0,0,1,0,0,0,1,0,1,1,0
"wood,aluminum",NY,35,"plastic,glass",NY,51,0,0.0,16,0,0.0,1,0,0,0,0,1,0,1,0,0,1,0
"wood,copper",CHI,43,"glass,wood",CHI,50,1,0.0,7,1,0.3333333333333333,0,0,1,0,0,1,0,0,0,0,1,1
"copper,steel,plastic",HOU,80,"copper,steel",NY,8,0,2283.538694936679,72,2,0.6666666666666666,0,0,1,1,0,0,1,0,1,1,0,0
glass,LA,65,"steel,copper,glass",LA,17,1,0.0,48,1,0.3333333333333333,0,0,0,1,1,1,0,0,0,1,0,0
"copper,plastic",HOU,33,plastic,LA,62,0,2210.3044695612357,29,1,0.5,0,0,1,0,0,0,1,1,0,0,0,0
"aluminum,wood",PHI,73,glass,HOU,19,0,2158.359053661567,54,0,0.0,1,0,0,0,0,1,0,0,0,0,1,0
"copper,wood",CHI,75,plastic,HOU,71,0,1513.9650992867876,4,0,0.0,0,0,1,0,0,0,0,1,0,0,1,0
"plastic,aluminum,steel",NY,49,aluminum,CHI,72,0,1147.191043173558,23,1,0.3333333333333333,1,1,0,0,0,0,1,0,1,0,0,0
"wood,steel",CHI,85,"wood,aluminum",NY,12,0,1147.191043173558,73,1,0.3333333333333333,0,1,0,0,0,0,0,0,1,0,1,1
aluminum,LA,43,plastic,HOU,15,0,2210.3044695612357,28,0,0.0,1,0,0,0,0,0,0,1,0,0,0,0
steel,PHI,13,"aluminum,glass",PHI,52,0,0.0,39,0,0.0,0,1,0,0,0,1,0,0,1,0,0,0
"steel,plastic",LA,36,"wood,copper",LA,89,0,0.0,53,0,0.0,0,0,0,1,0,0,1,0,1,0,0,1
"copper,steel",NY,42,wood,NY,44,0,0.0,2,0,0.0,0,0,1,0,0,0,0,0,1,0,0,1
glass,PHI,86,copper,LA,42,0,3851.942945495115,44,0,0.0,0,0,0,1,1,0,0,0,0,0,0,0
glass,CHI,60,"copper,glass,wood",LA,97,0,2809.541357660602,37,1,0.3333333333333333,0,0,0,1,1,1,0,0,0,0,0,1
"aluminum,glass,steel",HOU,98,glass,CHI,92,0,1513.9650992867876,6,1,0.3333333333333333,1,0,0,0,1,1,0,0,1,0,0,0
"aluminum,glass,copper",PHI,57,"copper,aluminum",PHI,18,1,0.0,39,2,0.6666666666666666,1,1,1,1,1,0,0,0,0,0,0,0
"aluminum,glass,steel",CHI,24,"steel,aluminum",PHI,36,0,1070.5725893191616,12,2,0.6666666666666666,1,1,0,0,1,0,0,0,1,1,0,0
copper,NY,70,aluminum,PHI,44,0,129.724928189055,26,0,0.0,0,1,1,0,0,0,0,0,0,0,0,0
"steel,glass,aluminum",PHI,58,"steel,glass,copper",NY,35,0,129.724928189055,23,2,0.5,1,0,0,1,1,1,0,0,1,1,0,0
"steel,wood",LA,36,plastic,LA,62,0,0.0,26,0,0.0,0,0,0,0,0,0,0,1,1,0,1,0
"copper,plastic",PHI,23,"plastic,wood,steel",PHI,84,1,0.0,61,1,0.25,0,0,1,0,0,0,1,1,0,1,0,1
"steel,copper",NY,16,"aluminum,wood",NY,23,0,0.0,7,0,0.0,0,1,1,0,0,0,0,0,1,0,0,1
"wood,aluminum",CHI,73,copper,LA,68,0,2809.541357660602,5,0,0.0,1,0,0,1,0,0,0,0,0,0,1,0
"glass,steel",HOU,12,"wood,aluminum,glass",CHI,30,0,1513.9650992867876,18,1,0.25,0,1,0,0,1,1,0,0,1,0,0,1
"steel,plastic",NY,15,glass,LA,78,0,3944.422231489921,63,0,0.0,0,0,0,0,0,1,1,0,1,0,0,0
"glass,wood",NY,36,"copper,wood,glass",PHI,52,0,129.724928189055,16,2,0.6666666666666666,0,0,0,1,1,1,0,0,0,0,1,1
"glass,aluminum,copper",PHI,98,copper,PHI,60,1,0.0,38,1,0.3333333333333333,1,0,1,1,1,0,0,0,0,0,0,0
wood,PHI,43,"aluminum,steel",CHI,5,0,1070.5725893191616,38,0,0.0,0,1,0,0,0,0,0,0,0,1,1,0
"glass,wood,copper",CHI,50,plastic,NY,28,0,1147.191043173558,22,0,0.0,0,0,1,0,1,0,0,1,0,0,1,0
"glass,plastic",HOU,40,wood,HOU,38,0,0.0,2,0,0.0,0,0,0,0,1,0,1,0,0,0,0,1
"steel,aluminum,wood",PHI,99,"aluminum,steel,copper",PHI,86,1,0.0,13,2,0.5,1,1,0,1,0,0,0,0,1,1,1,0
glass,PHI,10,"aluminum,wood,glass",LA,85,0,3851.942945495115,75,1,0.3333333333333333,0,1,0,0,1,1,0,0,0,0,0,1
aluminum,NY,60,"plastic,steel,wood",LA,68,0,3944.422231489921,8,0,0.0,1,0,0,0,0,0,0,1,0,1,0,1
"copper,steel",PHI,52,wood,NY,64,0,129.724928189055,12,0,0.0,0,0,1,0,0,0,0,0,1,0,0,1
glass,PHI,97,"wood,copper",CHI,34,0,1070.5725893191616,63,0,0.0,0,0,0,1,1,0,0,0,0,0,0,1
"glass,plastic,copper",PHI,83,aluminum,PHI,72,0,0.0,11,0,0.0,0,1,1,0,1,0,1,0,0,0,0,0
glass,CHI,24,wood,HOU,11,0,1513.9650992867876,13,0,0.0,0,0,0,0,1,0,0,0,0,0,0,1
"plastic,steel,copper",LA,5,steel,HOU,81,0,2210.3044695612357,76,1,0.3333333333333333,0,0,1,0,0,0,1,0,1,1,0,0
"copper,glass,wood",CHI,49,"wood,plastic",LA,10,0,2809.541357660602,39,1,0.25,0,0,1,0,1,0,0,1,0,0,1,1
steel,PHI,53,"aluminum,steel,copper",NY,40,0,129.724928189055,13,1,0.3333333333333333,0,1,0,1,0,0,0,0,1,1,0,0
"copper,plastic",HOU,89,"wood,copper",CHI,46,0,1513.9650992867876,43,1,0.3333333333333333,0,0,1,1,0,0,1,0,0,0,0,1
aluminum,NY,12,wood,HOU,96,0,2283.538694936679,84,0,0.0,1,0,0,0,0,0,0,0,0,0,0,1
"glass,copper,plastic",PHI,13,"glass,aluminum",CHI,50,0,1070.5725893191616,37,1,0.25,0,1,1,0,1,1,1,0,0,0,0,0
"aluminum,copper,plastic",PHI,61,glass,HOU,25,0,2158.359053661567,36,0,0.0,1,0,1,0,0,1,1,0,0,0,0,0
wood,PHI,3,steel,CHI,89,0,1070.5725893191616,86,0,0.0,0,0,0,0,0,0,0,0,0,1,1,0
"glass,steel",PHI,9,"steel,wood",NY,78,0,129.724928189055,69,1,0.3333333333333333,0,0,0,0,1,0,0,0,1,1,0,1
"wood,copper",CHI,16,"glass,copper,plastic",PHI,4,0,1070.5725893191616,12,1,0.25,0,0,1,1,0,1,0,1,0,0,1,0
"copper,glass",PHI,54,"steel,wood,glass",HOU,57,0,2158.359053661567,3,1,0.25,0,0,1,0,1,1,0,0,0,1,0,1
copper,PHI,14,"steel,glass,aluminum",LA,30,0,3851.942945495115,16,0,0.0,0,1,1,0,0,1,0,0,0,1,0,0
"plastic,steel",CHI,22,aluminum,HOU,64,0,1513.9650992867876,42,0,0.0,0,1,0,0,0,0,1,0,1,0,0,0
"aluminum,steel,wood",NY,18,"plastic,copper,aluminum",CHI,57,0,1147.191043173558,39,1,0.2,1,1,0,1,0,0,0,1,1,0,1,0
"glass,wood",HOU,47,"plastic,steel,copper",LA,16,0,2210.3044695612357,31,0,0.0,0,0,0,1,1,0,0,1,0,1,1,0
copper,CHI,77,"glass,wood,aluminum",PHI,51,0,1070.5725893191616,26,0,0.0,0,1,1,0,0,1,0,0,0,0,0,1
steel,CHI,69,wood,PHI,70,0,1070.5725893191616,1,0,0.0,0,0,0,0,0,0,0,0,1,0,0,1
"aluminum,copper",NY,70,plastic,HOU,24,0,2283.538694936679,46,0,0.0,1,0,1,0,0,0,0,1,0,0,0,0
steel,HOU,7,"wood,steel,copper",LA,89,0,2210.3044695612357,82,1,0.3333333333333333,0,0,0,1,0,0,0,0,1,1,0,1
wood,CHI,84,"copper,aluminum",LA,33,0,2809.541357660602,51,0,0.0,0,1,0,1,0,0,0,0,0,0,1,0
"steel,copper,wood",PHI,42,"wood,aluminum",LA,69,0,3851.942945495115,27,1,0.25,0,1,1,0,0,0,0,0,1,0,1,1
"aluminum,wood,steel",CHI,89,plastic,LA,68,0,2809.541357660602,21,0,0.0,1,0,0,0,0,0,0,1,1,0,1,0
"glass,copper,aluminum",NY,81,wood,NY,39,0,0.0,42,0,0.0,1,0,1,0,1,0,0,0,0,0,0,1
"copper,wood",LA,65,"steel,wood",NY,66,0,3944.422231489921,1,1,0.3333333333333333,0,0,1,0,0,0,0,0,0,1,1,1
"glass,aluminum",HOU,88,"copper,steel,plastic",CHI,63,0,1513.9650992867876,25,0,0.0,1,0,0,1,1,0,0,1,0,1,0,0
steel,HOU,86,"wood,steel,plastic",PHI,40,0,2158.359053661567,46,1,0.3333333333333333,0,0,0,0,0,0,0,1,1,1,0,1
"aluminum,copper",NY,3,copper,HOU,23,0,2283.538694936679,20,1,0.5,1,0,1,1,0,0,0,0,0,0,0,0
copper,CHI,11,"plastic,wood",NY,47,0,1147.191043173558,36,0,0.0,0,0,1,0,0,0,0,1,0,0,0,1
"steel,wood,glass",LA,7,"glass,steel,plastic",NY,92,0,3944.422231489921,85,2,0.5,0,0,0,0,1,1,0,1,1,1,1,0
plastic,HOU,94,"copper,plastic",CHI,46,0,1513.9650992867876,48,1,0.5,0,0,0,1,0,0,1,1,0,0,0,0
"plastic,glass,aluminum",PHI,34,"aluminum,steel",NY,3,0,129.724928189055,31,1,0.25,1,1,0,0,1,0,1,0,0,1,0,0
copper,PHI,99,aluminum,CHI,60,0,1070.5725893191616,39,0,0.0,0,1,1,0,0,0,0,0,0,0,0,0
copper,LA,86,"steel,wood,copper",PHI,28,0,3851.942945495115,58,1,0.3333333333333333,0,0,1,1,0,0,0,0,0,1,0,1
"glass,plastic",LA,41,"copper,glass,steel",NY,69,0,3944.422231489921,28,1,0.25,0,0,0,1,1,1,1,0,0,1,0,0
"glass,plastic,steel",PHI,16,"aluminum,steel",NY,20,0,129.724928189055,4,1,0.25,0,1,0,0,1,0,1,0,1,1,0,0
copper,PHI,99,steel,HOU,17,0,2158.359053661567,82,0,0.0,0,0,1,0,0,0,0,0,0,1,0,0
"plastic,copper,aluminum",LA,97,"plastic,steel",LA,46,1,0.0,51,1,0.25,1,0,1,0,0,0,1,1,0,1,0,0
"wood,copper",CHI,30,"plastic,copper,steel",LA,87,0,2809.541357660602,57,1,0.25,0,0,1,1,0,0,0,1,0,1,1,0
"glass,aluminum",LA,19,copper,NY,19,0,3944.422231489921,0,0,0.0,1,0,0,1,1,0,0,0,0,0,0,0
"wood,plastic,aluminum",NY,64,aluminum,CHI,59,0,1147.191043173558,5,1,0.3333333333333333,1,1,0,0,0,0,1,0,0,0,1,0
"copper,plastic",HOU,8,"wood,aluminum",PHI,62,0,2158.359053661567,54,0,0.0,0,1,1,0,0,0,1,0,0,0,0,1
steel,LA,85,"plastic,wood,steel",HOU,33,0,2210.3044695612357,52,1,0.3333333333333333,0,0,0,0,0,0,0,1,1,1,0,1
wood,CHI,81,"aluminum,plastic",HOU,54,0,1513.9650992867876,27,0,0.0,0,1,0,0,0,0,0,1,0,0,1,0
"copper,glass",PHI,51,"aluminum,plastic",HOU,28,0,2158.359053661567,23,0,0.0,0,1,1,0,1,0,0,1,0,0,0,0
"steel,aluminum",LA,88,"glass,plastic",NY,82,0,3944.422231489921,6,0,0.0,1,0,0,0,0,1,0,1,1,0,0,0
wood,CHI,65,glass,CHI,48,0,0.0,17,0,0.0,0,0,0,0,0,1,0,0,0,0,1,0
wood,NY,46,copper,PHI,49,0,129.724928189055,3,0,0.0,0,0,0,1,0,0,0,0,0,0,1,0
"copper,steel",NY,88,plastic,CHI,39,0,1147.191043173558,49,0,0.0,0,0,1,0,0,0,0,1,1,0,0,0
"aluminum,plastic,wood",CHI,11,glass,PHI,12,0,1070.5725893191616,1,0,0.0,1,0,0,0,0,1,1,0,0,0,1,0
aluminum,LA,69,plastic,HOU,82,0,2210.3044695612357,13,0,0.0,1,0,0,0,0,0,0,1,0,0,0,0
"copper,wood",HOU,82,plastic,HOU,15,0,0.0,67,0,0.0,0,0,1,0,0,0,0,1,0,0,1,0
glass,CHI,75,glass,NY,39,0,1147.191043173558,36,1,1.0,0,0,0,0,1,1,0,0,0,0,0,0
"copper,aluminum,plastic",CHI,16,"glass,wood",CHI,65,0,0.0,49,0,0.0,1,0,1,0,0,1,1,0,0,0,0,1
"wood,aluminum,glass",NY,95,wood,LA,36,0,3944.422231489921,59,1,0.3333333333333333,1,0,0,0,1,0,0,0,0,0,1,1
"glass,wood,plastic",HOU,98,"plastic,steel,aluminum",CHI,48,0,1513.9650992867876,50,1,0.2,0,1,0,0,1,0,1,1,0,1,1,0
"aluminum,glass",LA,56,plastic,HOU,19,0,2210.3044695612357,37,0,0.0,1,0,0,0,1,0,0,1,0,0,0,0
copper,CHI,11,aluminum,HOU,56,0,1513.9650992867876,45,0,0.0,0,1,1,0,0,0,0,0,0,0,0,0
"wood,plastic",PHI,30,"copper,glass,plastic",CHI,64,0,1070.5725893191616,34,1,0.25,0,0,0,1,0,1,1,1,0,0,1,0
"copper,steel,glass",PHI,15,wood,PHI,42,0,0.0,27,0,0.0,0,0,1,0,1,0,0,0,1,0,0,1
copper,PHI,77,"wood,plastic,copper",HOU,69,0,2158.359053661567,8,1,0.3333333333333333,0,0,1,1,0,0,0,1,0,0,0,1
wood,PHI,87,"glass,aluminum,steel",LA,85,0,3851.942945495115,2,0,0.0,0,1,0,0,0,1,0,0,0,1,1,0
"plastic,steel",HOU,1,"glass,plastic,aluminum",CHI,51,0,1513.9650992867876,50,1,0.25,0,1,0,0,0,1,1,1,1,0,0,0
aluminum,NY,24,"glass,plastic",HOU,5,0,2283.538694936679,19,0,0.0,1,0,0,0,0,1,0,1,0,0,0,0
aluminum,CHI,98,"glass,steel,plastic",CHI,92,0,0.0,6,0,0.0,1,0,0,0,0,1,0,1,0,1,0,0
copper,HOU,70,copper,LA,75,0,2210.3044695612357,5,1,1.0,0,0,1,1,0,0,0,0,0,0,0,0
plastic,LA,81,"glass,steel,aluminum",HOU,7,0,2210.3044695612357,74,0,0.0,0,1,0,0,0,1,1,0,0,1,0,0
plastic,NY,97,"plastic,glass,steel",PHI,31,0,129.724928189055,66,1,0.3333333333333333,0,0,0,0,0,1,1,1,0,1,0,0
"glass,steel,wood",LA,42,"wood,aluminum",CHI,56,0,2809.541357660602,14,1,0.25,0,1,0,0,1,0,0,0,1,0,1,1
"aluminum,glass",LA,71,"plastic,aluminum",NY,15,0,3944.422231489921,56,1,0.3333333333333333,1,1,0,0,1,0,0,1,0,0,0,0
plastic,NY,36,"copper,wood,glass",HOU,30,0,2283.538694936679,6,0,0.0,0,0,0,1,0,1,1,0,0,0,0,1
"steel,plastic,glass",HOU,77,aluminum,LA,40,0,2210.3044695612357,37,0,0.0,0,1,0,0,1,0,1,0,1,0,0,0
steel,LA,66,"aluminum,steel",CHI,93,0,2809.541357660602,27,1,0.5,0,1,0,0,0,0,0,0,1,1,0,0
"wood,plastic,glass",PHI,13,plastic,NY,55,0,129.724928189055,42,1,0.3333333333333333,0,0,0,0,1,0,1,1,0,0,1,0
"steel,wood,glass",HOU,32,"steel,wood",PHI,24,0,2158.359053661567,8,2,0.6666666666666666,0,0,0,0,1,0,0,0,1,1,1,1
"plastic,copper,wood",LA,12,"wood,steel,glass",CHI,76,0,2809.541357660602,64,1,0.2,0,0,1,0,0,1,1,0,0,1,1,1
wood,LA,96,"copper,glass",NY,6,0,3944.422231489921,90,0,0.0,0,0,0,1,0,1,0,0,0,0,1,0
wood,CHI,65,"copper,glass,plastic",HOU,82,0,1513.9650992867876,17,0,0.0,0,0,0,1,0,1,0,1,0,0,1,0
"glass,plastic,steel",HOU,51,glass,NY,60,0,2283.538694936679,9,1,0.3333333333333333,0,0,0,0,1,1,1,0,1,0,0,0
"copper,aluminum,glass",PHI,13,copper,NY,94,0,129.724928189055,81,1,0.3333333333333333,1,0,1,1,1,0,0,0,0,0,0,0
steel,PHI,42,plastic,LA,78,0,3851.942945495115,36,0,0.0,0,0,0,0,0,0,0,1,1,0,0,0
"plastic,copper,wood",PHI,82,steel,NY,73,0,129.724928189055,9,0,0.0,0,0,1,0,0,0,1,0,0,1,1,0
"plastic,aluminum",PHI,34,steel,HOU,21,0,2158.359053661567,13,0,0.0,1,0,0,0,0,0,1,0,0,1,0,0
"wood,plastic",CHI,99,copper,PHI,44,0,1070.5725893191616,55,0,0.0,0,0,0,1,0,0,1,0,0,0,1,0
"glass,wood,steel",LA,86,copper,NY,12,0,3944.422231489921,74,0,0.0,0,0,0,1,1,0,0,0,1,0,1,0
"aluminum,plastic",LA,60,"copper,plastic",NY,92,0,3944.422231489921,32,1,0.3333333333333333,1,0,0,1,0,0,1,1,0,0,0,0
"copper,aluminum",CHI,47,"wood,glass",PHI,25,0,1070.5725893191616,22,0,0.0,1,0,1,0,0,1,0,0,0,0,0,1
copper,CHI,77,"aluminum,plastic,copper",NY,87,0,1147.191043173558,10,1,0.3333333333333333,0,1,1,1,0,0,0,1,0,0,0,0
plastic,NY,29,"copper,aluminum",HOU,90,0,2283.538694936679,61,0,0.0,0,1,0,1,0,0,1,0,0,0,0,0
"wood,aluminum",HOU,22,aluminum,NY,26,0,2283.538694936679,4,1,0.5,1,1,0,0,0,0,0,0,0,0,1,0
aluminum,PHI,53,"plastic,aluminum,steel",HOU,88,0,2158.359053661567,35,1,0.3333333333333333,1,1,0,0,0,0,0,1,0,1,0,0
"plastic,copper",LA,26,aluminum,NY,50,0,3944.422231489921,24,0,0.0,0,1,1,0,0,0,1,0,0,0,0,0
"glass,copper",PHI,46,steel,PHI,95,0,0.0,49,0,0.0,0,0,1,0,1,0,0,0,0,1,0,0
"plastic,aluminum",HOU,33,glass,HOU,70,0,0.0,37,0,0.0,1,0,0,0,0,1,1,0,0,0,0,0
steel,NY,76,"glass,aluminum,wood",LA,26,0,3944.422231489921,50,0,0.0,0,1,0,0,0,1,0,0,1,0,0,1
"plastic,copper",PHI,98,glass,PHI,8,0,0.0,90,0,0.0,0,0,1,0,0,1,1,0,0,0,0,0
"plastic,copper",CHI,84,"glass,wood",LA,36,0,2809.541357660602,48,0,0.0,0,0,1,0,0,1,1,0,0,0,0,1
copper,PHI,88,"steel,copper",PHI,27,1,0.0,61,1,0.5,0,0,1,1,0,0,0,0,0,1,0,0
plastic,LA,9,"glass,copper",NY,93,0,3944.422231489921,84,0,0.0,0,0,0,1,0,1,1,0,0,0,0,0
"copper,plastic,aluminum",CHI,99,aluminum,PHI,93,0,1070.5725893191616,6,1,0.3333333333333333,1,1,1,0,0,0,1,0,0,0,0,0
aluminum,NY,58,"steel,plastic",CHI,75,0,1147.191043173558,17,0,0.0,1,0,0,0,0,0,0,1,0,1,0,0
glass,LA,41,steel,CHI,21,0,2809.541357660602,20,0,0.0,0,0,0,0,1,0,0,0,0,1,0,0
"copper,steel,aluminum",HOU,71,"glass,wood,aluminum",LA,84,0,2210.3044695612357,13,1,0.2,1,1,1,0,0,1,0,0,1,0,0,1
"wood,aluminum,copper",NY,19,"copper,wood,steel",HOU,15,0,2283.538694936679,4,2,0.5,1,0,1,1,0,0,0,0,0,1,1,1
"aluminum,plastic,glass",CHI,40,"wood,aluminum,steel",LA,4,0,2809.541357660602,36,1,0.2,1,1,0,0,1,0,1,0,0,1,0,1
"aluminum,glass,wood",HOU,23,glass,PHI,60,0,2158.359053661567,37,1,0.3333333333333333,1,0,0,0,1,1,0,0,0,0,1,0
"glass,wood",PHI,61,"aluminum,steel,plastic",HOU,41,0,2158.359053661567,20,0,0.0,0,1,0,0,1,0,0,1,0,1,1,0
steel,PHI,25,"glass,copper,aluminum",HOU,39,0,2158.359053661567,14,0,0.0,0,1,0,1,0,1,0,0,1,0,0,0
"wood,plastic",CHI,31,"steel,glass",NY,81,0,1147.191043173558,50,0,0.0,0,0,0,0,0,1,1,0,0,1,1,0
"aluminum,glass,wood",CHI,21,plastic,CHI,36,0,0.0,15,0,0.0,1,0,0,0,1,0,0,1,0,0,1,0
aluminum,CHI,70,glass,LA,41,0,2809.541357660602,29,0,0.0,1,0,0,0,0,1,0,0,0,0,0,0
aluminum,HOU,3,plastic,NY,81,0,2283.538694936679,78,0,0.0,1,0,0,0,0,0,0,1,0,0,0,0
"wood,steel,aluminum",CHI,43,"glass,wood,copper",PHI,4,0,1070.5725893191616,39,1,0.2,1,0,0,1,0,1,0,0,1,0,1,1
"glass,aluminum,steel",NY,40,"glass,plastic,wood",PHI,64,0,129.724928189055,24,1,0.2,1,0,0,0,1,1,0,1,1,0,0,1
"plastic,steel",LA,89,"steel,copper,plastic",CHI,57,0,2809.541357660602,32,2,0.6666666666666666,0,0,0,1,0,0,1,1,1,1,0,0
glass,CHI,82,copper,PHI,27,0,1070.5725893191616,55,0,0.0,0,0,0,1,1,0,0,0,0,0,0,0
wood,PHI,59,copper,PHI,66,0,0.0,7,0,0.0,0,0,0,1,0,0,0,0,0,0,1,0
"wood,aluminum",CHI,54,wood,LA,57,0,2809.541357660602,3,1,0.5,1,0,0,0,0,0,0,0,0,0,1,1
"wood,glass",LA,69,"aluminum,wood",NY,49,0,3944.422231489921,20,1,0.3333333333333333,0,1,0,0,1,0,0,0,0,0,1,1
"plastic,aluminum,copper",LA,98,steel,LA,43,0,0.0,55,0,0.0,1,0,1,0,0,0,1,0,0,1,0,0
"steel,glass,plastic",CHI,41,"plastic,steel",LA,30,0,2809.541357660602,11,2,0.6666666666666666,0,0,0,0,1,0,1,1,1,1,0,0
glass,LA,73,copper,LA,29,0,0.0,44,0,0.0,0,0,0,1,1,0,0,0,0,0,0,0
aluminum,CHI,22,"steel,aluminum,plastic",LA,30,0,2809.541357660602,8,1,0.3333333333333333,1,1,0,0,0,0,0,1,0,1,0,0
plastic,HOU,7,copper,HOU,73,0,0.0,66,0,0.0,0,0,0,1,0,0,1,0,0,0,0,0
steel,NY,74,"copper,steel",NY,28,1,0.0,46,1,0.5,0,0,0,1,0,0,0,0,1,1,0,0
"plastic,aluminum,steel",LA,19,glass,HOU,40,0,2210.3044695612357,21,0,0.0,1,0,0,0,0,1,1,0,1,0,0,0
"aluminum,plastic,glass",HOU,47,"glass,wood,copper",LA,40,0,2210.3044695612357,7,1,0.2,1,0,0,1,1,1,1,0,0,0,0,1
"steel,glass,aluminum",NY,75,"wood,steel",CHI,36,0,1147.191043173558,39,1,0.25,1,0,0,0,1,0,0,0,1,1,0,1
"aluminum,steel,glass",CHI,8,"copper,wood,glass",CHI,89,1,0.0,81,1,0.2,1,0,0,1,1,1,0,0,1,0,0,1
"wood,plastic,aluminum",PHI,9,"aluminum,glass",CHI,60,0,1070.5725893191616,51,1,0.25,1,1,0,0,0,1,1,0,0,0,1,0
"copper,steel",HOU,18,"glass,copper",HOU,86,1,0.0,68,1,0.3333333333333333,0,0,1,1,0,1,0,0,1,0,0,0
"glass,steel,aluminum",CHI,78,"glass,wood",PHI,29,0,1070.5725893191616,49,1,0.25,1,0,0,0,1,1,0,0,1,0,0,1
wood,CHI,47,"aluminum,plastic,copper",HOU,60,0,1513.9650992867876,13,0,0.0,0,1,0,1,0,0,0,1,0,0,1,0
"aluminum,wood,glass",LA,52,steel,NY,58,0,3944.422231489921,6,0,0.0,1,0,0,0,1,0,0,0,0,1,1,0
"plastic,wood,glass",CHI,35,"wood,glass,copper",NY,76,0,1147.191043173558,41,2,0.5,0,0,0,1,1,1,1,0,0,0,1,1
"glass,copper,plastic",PHI,37,"plastic,steel,aluminum",NY,85,0,129.724928189055,48,1,0.2,0,1,1,0,1,0,1,1,0,1,0,0
"steel,wood",NY,30,copper,LA,10,0,3944.422231489921,20,0,0.0,0,0,0,1,0,0,0,0,1,0,1,0
"copper,steel,plastic",LA,28,"steel,glass,copper",HOU,24,0,2210.3044695612357,4,2,0.5,0,0,1,1,0,1,1,0,1,1,0,0
"glass,plastic,aluminum",NY,19,"wood,copper,glass",LA,13,0,3944.422231489921,6,1,0.2,1,0,0,1,1,1,1,0,0,0,0,1
"copper,glass",NY,64,aluminum,PHI,26,0,129.724928189055,38,0,0.0,0,1,1,0,1,0,0,0,0,0,0,0
copper,NY,62,plastic,PHI,32,0,129.724928189055,30,0,0.0,0,0,1,0,0,0,0,1,0,0,0,0
"wood,aluminum",NY,93,copper,NY,71,0,0.0,22,0,0.0,1,0,0,1,0,0,0,0,0,0,1,0
"glass,steel",PHI,15,"aluminum,steel,glass",LA,51,0,3851.942945495115,36,2,0.6666666666666666,0,1,0,0,1,1,0,0,1,1,0,0
"copper,plastic",HOU,79,wood,PHI,79,0,2158.359053661567,0,0,0.0,0,0,1,0,0,0,1,0,0,0,0,1
copper,CHI,54,"steel,plastic",CHI,96,0,0.0,42,0,0.0,0,0,1,0,0,0,0,1,0,1,0,0
"steel,copper,glass",NY,9,"aluminum,copper,wood",NY,36,1,0.0,27,1,0.2,0,1,1,1,1,0,0,0,1,0,0,1
wood,LA,81,"plastic,aluminum,steel",HOU,9,0,2210.3044695612357,72,0,0.0,0,1,0,0,0,0,0,1,0,1,1,0
"wood,aluminum,steel",CHI,21,"wood,copper",LA,76,0,2809.541357660602,55,1,0.25,1,0,0,1,0,0,0,0,1,0,1,1
"steel,glass",CHI,57,steel,LA,44,0,2809.541357660602,13,1,0.5,0,0,0,0,1,0,0,0,1,1,0,0
"aluminum,wood,glass",CHI,90,"copper,wood,aluminum",NY,67,0,1147.191043173558,23,2,0.5,1,1,0,1,1,0,0,0,0,0,1,1
"aluminum,glass",HOU,21,"steel,plastic",LA,53,0,2210.3044695612357,32,0,0.0,1,0,0,0,1,0,0,1,0,1,0,0
"wood,copper,steel",HOU,33,plastic,PHI,60,0,2158.359053661567,27,0,0.0,0,0,1,0,0,0,0,1,1,0,1,0
"wood,copper",PHI,71,glass,PHI,38,0,0.0,33,0,0.0,0,0,1,0,0,1,0,0,0,0,1,0
"plastic,copper,steel",CHI,96,aluminum,PHI,13,0,1070.5725893191616,83,0,0.0,0,1,1,0,0,0,1,0,1,0,0,0
plastic,CHI,54,"plastic,wood,steel",LA,49,0,2809.541357660602,5,1,0.3333333333333333,0,0,0,0,0,0,1,1,0,1,0,1
"steel,copper,glass",PHI,85,aluminum,CHI,43,0,1070.5725893191616,42,0,0.0,0,1,1,0,1,0,0,0,1,0,0,0
"glass,aluminum",CHI,87,"copper,glass,steel",CHI,5,1,0.0,82,1,0.25,1,0,0,1,1,1,0,0,0,1,0,0
"wood,steel,aluminum",LA,84,"plastic,aluminum",LA,27,1,0.0,57,1,0.25,1,1,0,0,0,0,0,1,1,0,1,0
"copper,steel,wood",PHI,44,plastic,LA,22,0,3851.942945495115,22,0,0.0,0,0,1,0,0,0,0,1,1,0,1,0
"copper,plastic,wood",HOU,22,"glass,wood",LA,20,0,2210.3044695612357,2,1,0.25,0,0,1,0,0,1,1,0,0,0,1,1
"aluminum,plastic",HOU,94,"steel,aluminum",PHI,77,0,2158.359053661567,17,1,0.3333333333333333,1,1,0,0,0,0,1,0,0,1,0,0
"aluminum,wood",LA,75,"wood,plastic,steel",LA,30,1,0.0,45,1,0.25,1,0,0,0,0,0,0,1,0,1,1,1
steel,CHI,7,glass,NY,35,0,1147.191043173558,28,0,0.0,0,0,0,0,0,1,0,0,1,0,0,0
"aluminum,wood,steel",NY,8,"plastic,steel,wood",HOU,49,0,2283.538694936679,41,2,0.5,1,0,0,0,0,0,0,1,1,1,1,1
glass,LA,50,"steel,aluminum,wood",LA,88,0,0.0,38,0,0.0,0,1,0,0,1,0,0,0,0,1,0,1
"plastic,steel",NY,40,"aluminum,steel,glass",HOU,49,0,2283.538694936679,9,1,0.25,0,1,0,0,0,1,1,0,1,1,0,0
aluminum,HOU,95,"copper,steel",HOU,46,0,0.0,49,0,0.0,1,0,0,1,0,0,0,0,0,1,0,0
"steel,wood",CHI,44,"plastic,copper",LA,57,0,2809.541357660602,13,0,0.0,0,0,0,1,0,0,0,1,1,0,1,0
"wood,steel,aluminum",PHI,89,"plastic,aluminum",LA,15,0,3851.942945495115,74,1,0.25,1,1,0,0,0,0,0,1,1,0,1,0
"wood,plastic,aluminum",HOU,90,"aluminum,wood,glass",HOU,44,1,0.0,46,2,0.5,1,1,0,0,0,1,1,0,0,0,1,1
"plastic,copper",LA,16,"aluminum,copper,plastic",PHI,81,0,3851.942945495115,65,2,0.6666666666666666,0,1,1,1,0,0,1,1,0,0,0,0
aluminum,LA,14,"steel,plastic,wood",NY,77,0,3944.422231489921,63,0,0.0,1,0,0,0,0,0,0,1,0,1,0,1
"wood,copper,plastic",HOU,3,steel,PHI,38,0,2158.359053661567,35,0,0.0,0,0,1,0,0,0,1,0,0,1,1,0
"copper,wood,glass",CHI,10,"plastic,copper,aluminum",PHI,69,0,1070.5725893191616,59,1,0.2,0,1,1,1,1,0,0,1,0,0,1,0
"plastic,aluminum",PHI,84,"plastic,wood,copper",LA,49,0,3851.942945495115,35,1,0.25,1,0,0,1,0,0,1,1,0,0,0,1
plastic,PHI,17,"glass,aluminum",CHI,90,0,1070.5725893191616,73,0,0.0,0,1,0,0,0,1,1,0,0,0,0,0
"plastic,glass,steel",HOU,89,glass,PHI,96,0,2158.359053661567,7,1,0.3333333333333333,0,0,0,0,1,1,1,0,1,0,0,0
"aluminum,glass",PHI,55,copper,LA,95,0,3851.942945495115,40,0,0.0,1,0,0,1,1,0,0,0,0,0,0,0
wood,NY,44,"aluminum,copper,steel",HOU,97,0,2283.538694936679,53,0,0.0,0,1,0,1,0,0,0,0,0,1,1,0
glass,HOU,65,"aluminum,steel,glass",NY,97,0,2283.538694936679,32,1,0.3333333333333333,0,1,0,0,1,1,0,0,0,1,0,0
"glass,plastic",LA,37,plastic,CHI,88,0,2809.541357660602,51,1,0.5,0,0,0,0,1,0,1,1,0,0,0,0
steel,CHI,28,"aluminum,copper,plastic",LA,38,0,2809.541357660602,10,0,0.0,0,1,0,1,0,0,0,1,1,0,0,0
"steel,aluminum,plastic",NY,43,"aluminum,wood",HOU,60,0,2283.538694936679,17,1,0.25,1,1,0,0,0,0,1,0,1,0,0,1
"steel,copper",CHI,28,copper,HOU,72,0,1513.9650992867876,44,1,0.5,0,0,1,1,0,0,0,0,1,0,0,0
"plastic,copper",HOU,31,"glass,plastic,wood",CHI,24,0,1513.9650992867876,7,1,0.25,0,0,1,0,0,1,1,1,0,0,0,1
"glass,wood",LA,83,"steel,glass,aluminum",NY,15,0,3944.422231489921,68,1,0.25,0,1,0,0,1,1,0,0,0,1,1,0
"wood,aluminum,plastic",LA,87,"steel,aluminum,wood",NY,89,0,3944.422231489921,2,2,0.5,1,1,0,0,0,0,1,0,0,1,1,1
"glass,copper",HOU,49,"wood,glass",LA,52,0,2210.3044695612357,3,1,0.3333333333333333,0,0,1,0,1,1,0,0,0,0,0,1
"wood,plastic,glass",PHI,70,steel,CHI,18,0,1070.5725893191616,52,0,0.0,0,0,0,0,1,0,1,0,0,1,1,0
steel,CHI,40,"wood,aluminum",CHI,61,0,0.0,21,0,0.0,0,1,0,0,0,0,0,0,1,0,0,1
aluminum,CHI,93,copper,HOU,51,0,1513.9650992867876,42,0,0.0,1,0,0,1,0,0,0,0,0,0,0,0
"steel,plastic",PHI,72,"steel,wood,glass",NY,95,0,129.724928189055,23,1,0.25,0,0,0,0,0,1,1,0,1,1,0,1
"steel,aluminum",NY,76,plastic,NY,63,0,0.0,13,0,0.0,1,0,0,0,0,0,0,1,1,0,0,0
"copper,glass",CHI,80,"wood,copper",NY,38,0,1147.191043173558,42,1,0.3333333333333333,0,0,1,1,1,0,0,0,0,0,0,1
steel,PHI,15,"plastic,aluminum",PHI,35,0,0.0,20,0,0.0,0,1,0,0,0,0,0,1,1,0,0,0
"aluminum,glass",LA,26,"steel,wood,aluminum",CHI,64,0,2809.541357660602,38,1,0.25,1,1,0,0,1,0,0,0,0,1,0,1
"wood,aluminum",PHI,7,"plastic,steel,glass",CHI,19,0,1070.5725893191616,12,0,0.0,1,0,0,0,0,1,0,1,0,1,1,0
"aluminum,wood,steel",NY,71,"glass,aluminum,copper",LA,14,0,3944.422231489921,57,1,0.2,1,1,0,1,0,1,0,0,1,0,1,0
steel,HOU,16,"wood,aluminum",CHI,8,0,1513.9650992867876,8,0,0.0,0,1,0,0,0,0,0,0,1,0,0,1
"glass,plastic,copper",HOU,57,"steel,wood,glass",PHI,93,0,2158.359053661567,36,1,0.2,0,0,1,0,1,1,1,0,0,1,0,1
"aluminum,steel,copper",PHI,94,"glass,wood",LA,18,0,3851.942945495115,76,0,0.0,1,0,1,0,0,1,0,0,1,0,0,1
"glass,wood,aluminum",CHI,63,"glass,aluminum,steel",HOU,63,0,1513.9650992867876,0,2,0.5,1,1,0,0,1,1,0,0,0,1,1,0
glass,CHI,22,aluminum,CHI,9,0,0.0,13,0,0.0,0,1,0,0,1,0,0,0,0,0,0,0
"glass,wood,copper",NY,73,"aluminum,glass,copper",HOU,87,0,2283.538694936679,14,2,0.5,0,1,1,1,1,1,0,0,0,0,1,0
"wood,copper",NY,74,"copper,wood",NY,25,1,0.0,49,2,1.0,0,0,1,1,0,0,0,0,0,0,1,1
"steel,aluminum",CHI,75,"glass,wood,steel",NY,64,0,1147.191043173558,11,1,0.25,1,0,0,0,0,1,0,0,1,1,0,1
"copper,wood",CHI,75,copper,LA,16,0,2809.541357660602,59,1,0.5,0,0,1,1,0,0,0,0,0,0,1,0
"plastic,aluminum",LA,76,aluminum,CHI,79,0,2809.541357660602,3,1,0.5,1,1,0,0,0,0,1,0,0,0,0,0
"wood,plastic,steel",CHI,17,"wood,plastic,aluminum",PHI,90,0,1070.5725893191616,73,2,0.5,0,1,0,0,0,0,1,1,1,0,1,1
"wood,aluminum",LA,71,plastic,CHI,15,0,2809.541357660602,56,0,0.0,1,0,0,0,0,0,0,1,0,0,1,0
"copper,plastic,steel",PHI,64,aluminum,HOU,2,0,2158.359053661567,62,0,0.0,0,1,1,0,0,0,1,0,1,0,0,0
"wood,steel",CHI,87,"aluminum,steel",HOU,22,0,1513.9650992867876,65,1,0.3333333333333333,0,1,0,0,0,0,0,0,1,1,1,0
"plastic,copper,aluminum",HOU,79,copper,PHI,20,0,2158.359053661567,59,1,0.3333333333333333,1,0,1,1,0,0,1,0,0,0,0,0
"glass,copper,plastic",HOU,93,"wood,glass",HOU,19,1,0.0,74,1,0.25,0,0,1,0,1,1,1,0,0,0,0,1
"plastic,copper",CHI,95,steel,LA,60,0,2809.541357660602,35,0,0.0,0,0,1,0,0,0,1,0,0,1,0,0
steel,NY,11,"aluminum,steel,plastic",LA,12,0,3944.422231489921,1,1,0.3333333333333333,0,1,0,0,0,0,0,1,1,1,0,0
"plastic,glass,copper",HOU,53,"steel,copper",CHI,40,0,1513.9650992867876,13,1,0.25,0,0,1,1,1,0,1,0,0,1,0,0
"glass,plastic",CHI,27,glass,HOU,38,0,1513.9650992867876,11,1,0.5,0,0,0,0,1,1,1,0,0,0,0,0
steel,NY,77,glass,PHI,22,0,129.724928189055,55,0,0.0,0,0,0,0,0,1,0,0,1,0,0,0
copper,LA,32,"wood,copper",LA,73,1,0.0,41,1,0.5,0,0,1,1,0,0,0,0,0,0,0,1
"aluminum,copper",LA,65,"wood,steel,plastic",LA,31,0,0.0,34,0,0.0,1,0,1,0,0,0,0,1,0,1,0,1
glass,PHI,28,wood,LA,88,0,3851.942945495115,60,0,0.0,0,0,0,0,1,0,0,0,0,0,0,1
"steel,wood",HOU,45,"wood,plastic",NY,45,0,2283.538694936679,0,1,0.3333333333333333,0,0,0,0,0,0,0,1,1,0,1,1
"plastic,glass",CHI,69,plastic,PHI,71,0,1070.5725893191616,2,1,0.5,0,0,0,0,1,0,1,1,0,0,0,0
"wood,aluminum",HOU,98,steel,CHI,78,0,1513.9650992867876,20,0,0.0,1,0,0,0,0,0,0,0,0,1,1,0
"plastic,glass,aluminum",NY,92,"plastic,steel,glass",NY,29,1,0.0,63,2,0.5,1,0,0,0,1,1,1,1,0,1,0,0
"wood,copper",CHI,89,"aluminum,plastic,wood",CHI,39,1,0.0,50,1,0.25,0,1,1,0,0,0,0,1,0,0,1,1
"glass,copper,plastic",CHI,20,"glass,copper",NY,81,0,1147.191043173558,61,2,0.6666666666666666,0,0,1,1,1,1,1,0,0,0,0,0
"wood,aluminum",CHI,33,"aluminum,plastic,copper",HOU,84,0,1513.9650992867876,51,1,0.25,1,1,0,1,0,0,0,1,0,0,1,0
copper,CHI,91,aluminum,HOU,52,0,1513.9650992867876,39,0,0.0,0,1,1,0,0,0,0,0,0,0,0,0
"glass,steel,wood",HOU,72,"glass,steel",PHI,28,0,2158.359053661567,44,2,0.6666666666666666,0,0,0,0,1,1,0,0,1,1,1,0
plastic,HOU,79,"copper,steel,glass",CHI,38,0,1513.9650992867876,41,0,0.0,0,0,0,1,0,1,1,0,0,1,0,0
"steel,copper",HOU,42,copper,CHI,61,0,1513.9650992867876,19,1,0.5,0,0,1,1,0,0,0,0,1,0,0,0
steel,CHI,51,plastic,NY,54,0,1147.191043173558,3,0,0.0,0,0,0,0,0,0,0,1,1,0,0,0
plastic,LA,11,"aluminum,glass",CHI,57,0,2809.541357660602,46,0,0.0,0,1,0,0,0,1,1,0,0,0,0,0
"glass,plastic",CHI,30,plastic,NY,51,0,1147.191043173558,21,1,0.5,0,0,0,0,1,0,1,1,0,0,0,0
"glass,aluminum",HOU,38,"glass,aluminum,copper",LA,41,0,2210.3044695612357,3,2,0.6666666666666666,1,1,0,1,1,1,0,0,0,0,0,0
"glass,aluminum",CHI,52,copper,NY,4,0,1147.191043173558,48,0,0.0,1,0,0,1,1,0,0,0,0,0,0,0
"copper,wood,steel",LA,73,steel,LA,43,1,0.0,30,1,0.3333333333333333,0,0,1,0,0,0,0,0,1,1,1,0
"wood,glass,copper",CHI,47,"plastic,aluminum,copper",LA,48,0,2809.541357660602,1,1,0.2,0,1,1,1,1,0,0,1,0,0,1,0
"aluminum,wood,copper",CHI,66,"aluminum,wood",PHI,1,0,1070.5725893191616,65,2,0.6666666666666666,1,1,1,0,0,0,0,0,0,0,1,1
"glass,steel,copper",HOU,72,"steel,glass",PHI,30,0,2158.359053661567,42,2,0.6666666666666666,0,0,1,0,1,1,0,0,1,1,0,0
wood,CHI,39,plastic,NY,62,0,1147.191043173558,23,0,0.0,0,0,0,0,0,0,0,1,0,0,1,0
copper,LA,3,"aluminum,steel,copper",LA,33,1,0.0,30,1,0.3333333333333333,0,1,1,1,0,0,0,0,0,1,0,0
"steel,aluminum,copper",HOU,98,steel,LA,25,0,2210.3044695612357,73,1,0.3333333333333333,1,0,1,0,0,0,0,0,1,1,0,0
"aluminum,plastic,glass",HOU,96,"wood,glass,copper",PHI,87,0,2158.359053661567,9,1,0.2,1,0,0,1,1,1,1,0,0,0,0,1
steel,CHI,39,"plastic,steel",LA,92,0,2809.541357660602,53,1,0.5,0,0,0,0,0,0,0,1,1,1,0,0
copper,PHI,19,"aluminum,steel,copper",CHI,45,0,1070.5725893191616,26,1,0.3333333333333333,0,1,1,1,0,0,0,0,0,1,0,0
"aluminum,plastic,steel",PHI,71,"glass,wood,copper",NY,44,0,129.724928189055,27,0,0.0,1,0,0,1,0,1,1,0,1,0,0,1
steel,NY,89,"aluminum,wood",NY,36,0,0.0,53,0,0.0,0,1,0,0,0,0,0,0,1,0,0,1
glass,PHI,43,"copper,steel",HOU,51,0,2158.359053661567,8,0,0.0,0,0,0,1,1,0,0,0,0,1,0,0
"wood,plastic,aluminum",NY,98,"aluminum,wood,glass",HOU,82,0,2283.538694936679,16,2,0.5,1,1,0,0,0,1,1,0,0,0,1,1
"glass,steel,wood",LA,47,"aluminum,steel,wood",CHI,19,0,2809.541357660602,28,2,0.5,0,1,0,0,1,0,0,0,1,1,1,1
"steel,wood,glass",PHI,44,aluminum,CHI,82,0,1070.5725893191616,38,0,0.0,0,1,0,0,1,0,0,0,1,0,1,0
"plastic,steel,wood",CHI,28,"aluminum,wood,steel",LA,99,0,2809.541357660602,71,2,0.5,0,1,0,0,0,0,1,0,1,1,1,1
"steel,glass",HOU,35,steel,PHI,26,0,2158.359053661567,9,1,0.5,0,0,0,0,1,0,0,0,1,1,0,0
wood,CHI,64,"glass,steel,plastic",CHI,18,0,0.0,46,0,0.0,0,0,0,0,0,1,0,1,0,1,1,0
"plastic,glass,wood",CHI,45,"steel,glass",HOU,91,0,1513.9650992867876,46,1,0.25,0,0,0,0,1,1,1,0,0,1,1,0
"plastic,aluminum",PHI,90,glass,PHI,92,0,0.0,2,0,0.0,1,0,0,0,0,1,1,0,0,0,0,0
wood,LA,41,"glass,aluminum",PHI,75,0,3851.942945495115,34,0,0.0,0,1,0,0,0,1,0,0,0,0,1,0
"aluminum,glass",NY,24,"wood,aluminum,copper",PHI,35,0,129.724928189055,11,1,0.25,1,1,0,1,1,0,0,0,0,0,0,1
"plastic,wood",HOU,98,aluminum,NY,16,0,2283.538694936679,82,0,0.0,0,1,0,0,0,0,1,0,0,0,1,0
"aluminum,glass",NY,34,"copper,wood,glass",PHI,70,0,129.724928189055,36,1,0.25,1,0,0,1,1,1,0,0,0,0,0,1
aluminum,HOU,18,plastic,NY,26,0,2283.538694936679,8,0,0.0,1,0,0,0,0,0,0,1,0,0,0,0
plastic,PHI,20,"wood,copper,glass",LA,74,0,3851.942945495115,54,0,0.0,0,0,0,1,0,1,1,0,0,0,0,1
aluminum,NY,94,copper,PHI,36,0,129.724928189055,58,0,0.0,1,0,0,1,0,0,0,0,0,0,0,0
wood,LA,56,"wood,steel,glass",PHI,95,0,3851.942945495115,39,1,0.3333333333333333,0,0,0,0,0,1,0,0,0,1,1,1
aluminum,PHI,2,glass,CHI,58,0,1070.5725893191616,56,0,0.0,1,0,0,0,0,1,0,0,0,0,0,0
"glass,copper,steel",CHI,60,"plastic,copper,wood",HOU,55,0,1513.9650992867876,5,1,0.2,0,0,1,1,1,0,0,1,1,0,0,1
"copper,glass,plastic",CHI,49,steel,HOU,83,0,1513.9650992867876,34,0,0.0,0,0,1,0,1,0,1,0,0,1,0,0
"plastic,glass",LA,34,glass,NY,55,0,3944.422231489921,21,1,0.5,0,0,0,0,1,1,1,0,0,0,0,0
glass,LA,28,"steel,glass,aluminum",PHI,54,0,3851.942945495115,26,1,0.3333333333333333,0,1,0,0,1,1,0,0,0,1,0,0
"steel,plastic,copper",CHI,71,glass,HOU,35,0,1513.9650992867876,36,0,0.0,0,0,1,0,0,1,1,0,1,0,0,0
"plastic,steel,aluminum",NY,91,"copper,plastic",PHI,33,0,129.724928189055,58,1,0.25,1,0,0,1,0,0,1,1,1,0,0,0
"plastic,aluminum",NY,99,copper,HOU,14,0,2283.538694936679,85,0,0.0,1,0,0,1,0,0,1,0,0,0,0,0
"plastic,steel,glass",HOU,24,"steel,wood,glass",CHI,15,0,1513.9650992867876,9,2,0.5,0,0,0,0,1,1,1,0,1,1,0,1
"aluminum,steel",NY,98,plastic,LA,62,0,3944.422231489921,36,0,0.0,1,0,0,0,0,0,0,1,1,0,0,0
"aluminum,wood,plastic",PHI,31,copper,PHI,78,0,0.0,47,0,0.0,1,0,0,1,0,0,1,0,0,0,1,0
plastic,PHI,22,"glass,wood,steel",NY,80,0,129.724928189055,58,0,0.0,0,0,0,0,0,1,1,0,0,1,0,1
"copper,aluminum",NY,89,plastic,PHI,73,0,129.724928189055,16,0,0.0,1,0,1,0,0,0,0,1,0,0,0,0
glass,HOU,86,"glass,copper",CHI,97,0,1513.9650992867876,11,1,0.5,0,0,0,1,1,1,0,0,0,0,0,0
"wood,plastic",CHI,43,"copper,wood,aluminum",HOU,60,0,1513.9650992867876,17,1,0.25,0,1,0,1,0,0,1,0,0,0,1,1
"steel,glass",NY,13,"plastic,wood",PHI,42,0,129.724928189055,29,0,0.0,0,0,0,0,1,0,0,1,1,0,0,1
steel,LA,68,"steel,glass,copper",LA,65,1,0.0,3,1,0.3333333333333333,0,0,0,1,0,1,0,0,1,1,0,0
"copper,aluminum",PHI,90,"glass,aluminum",CHI,70,0,1070.5725893191616,20,1,0.3333333333333333,1,1,1,0,0,1,0,0,0,0,0,0
"glass,wood,copper",CHI,86,"aluminum,copper,plastic",PHI,22,0,1070.5725893191616,64,1,0.2,0,1,1,1,1,0,0,1,0,0,1,0
"aluminum,plastic,steel",LA,65,"glass,steel,copper",NY,79,0,3944.422231489921,14,1,0.2,1,0,0,1,0,1,1,0,1,1,0,0
"plastic,steel",NY,44,"aluminum,copper",PHI,93,0,129.724928189055,49,0,0.0,0,1,0,1,0,0,1,0,1,0,0,0
"plastic,glass",PHI,53,"wood,aluminum,steel",LA,64,0,3851.942945495115,11,0,0.0,0,1,0,0,1,0,1,0,0,1,0,1
"plastic,copper,glass",HOU,53,"wood,aluminum,steel",CHI,2,0,1513.9650992867876,51,0,0.0,0,1,1,0,1,0,1,0,0,1,0,1
"wood,aluminum",NY,84,wood,LA,6,0,3944.422231489921,78,1,0.5,1,0,0,0,0,0,0,0,0,0,1,1
copper,HOU,27,"copper,plastic",CHI,57,0,1513.9650992867876,30,1,0.5,0,0,1,1,0,0,0,1,0,0,0,0
glass,PHI,26,"glass,aluminum,steel",NY,23,0,129.724928189055,3,1,0.3333333333333333,0,1,0,0,1,1,0,0,0,1,0,0
"steel,copper,aluminum",CHI,7,wood,LA,71,0,2809.541357660602,64,0,0.0,1,0,1,0,0,0,0,0,1,0,0,1
"copper,wood",NY,97,"glass,copper",CHI,28,0,1147.191043173558,69,1,0.3333333333333333,0,0,1,1,0,1,0,0,0,0,1,0
steel,HOU,71,aluminum,NY,75,0,2283.538694936679,4,0,0.0,0,1,0,0,0,0,0,0,1,0,0,0
"plastic,aluminum",NY,45,"plastic,wood",LA,96,0,3944.422231489921,51,1,0.3333333333333333,1,0,0,0,0,0,1,1,0,0,0,1
plastic,PHI,50,"copper,aluminum",PHI,24,0,0.0,26,0,0.0,0,1,0,1,0,0,1,0,0,0,0,0
"aluminum,wood",HOU,45,"glass,wood",HOU,82,1,0.0,37,1,0.3333333333333333,1,0,0,0,0,1,0,0,0,0,1,1
"plastic,copper,steel",CHI,15,aluminum,LA,26,0,2809.541357660602,11,0,0.0,0,1,1,0,0,0,1,0,1,0,0,0
"aluminum,wood",LA,97,"aluminum,plastic",NY,56,0,3944.422231489921,41,1,0.3333333333333333,1,1,0,0,0,0,0,1,0,0,1,0
"glass,plastic,copper",CHI,72,wood,NY,49,0,1147.191043173558,23,0,0.0,0,0,1,0,1,0,1,0,0,0,0,1
copper,HOU,6,"aluminum,copper,glass",NY,26,0,2283.538694936679,20,1,0.3333333333333333,0,1,1,1,0,1,0,0,0,0,0,0
steel,HOU,26,"wood,copper,steel",LA,44,0,2210.3044695612357,18,1,0.3333333333333333,0,0,0,1,0,0,0,0,1,1,0,1
wood,HOU,48,"aluminum,copper",NY,48,0,2283.538694936679,0,0,0.0,0,1,0,1,0,0,0,0,0,0,1,0
"copper,steel",HOU,40,"copper,aluminum",PHI,64,0,2158.359053661567,24,1,0.3333333333333333,0,1,1,1,0,0,0,0,1,0,0,0
"steel,aluminum",PHI,51,"plastic,copper,steel",PHI,48,1,0.0,3,1,0.25,1,0,0,1,0,0,0,1,1,1,0,0
"steel,plastic,glass",CHI,69,"plastic,glass,wood",PHI,70,0,1070.5725893191616,1,2,0.5,0,0,0,0,1,1,1,1,1,0,0,1
aluminum,CHI,38,"glass,steel",LA,12,0,2809.541357660602,26,0,0.0,1,0,0,0,0,1,0,0,0,1,0,0
"aluminum,wood",NY,17,"glass,plastic,copper",LA,13,0,3944.422231489921,4,0,0.0,1,0,0,1,0,1,0,1,0,0,1,0
"wood,glass",LA,69,"copper,wood,aluminum",PHI,51,0,3851.942945495115,18,1,0.25,0,1,0,1,1,0,0,0,0,0,1,1
"copper,wood,plastic",LA,11,wood,HOU,14,0,2210.3044695612357,3,1,0.3333333333333333,0,0,1,0,0,0,1,0,0,0,1,1
"wood,glass",LA,94,"aluminum,wood,plastic",PHI,44,0,3851.942945495115,50,1,0.25,0,1,0,0,1,0,0,1,0,0,1,1
"steel,aluminum",NY,51,"copper,glass",PHI,57,0,129.724928189055,6,0,0.0,1,0,0,1,0,1,0,0,1,0,0,0
"copper,glass",HOU,48,"aluminum,glass",LA,32,0,2210.3044695612357,16,1,0.3333333333333333,0,1,1,0,1,1,0,0,0,0,0,0
"copper,aluminum",NY,52,"glass,wood",NY,98,0,0.0,46,0,0.0,1,0,1,0,0,1,0,0,0,0,0,1
"glass,aluminum,copper",PHI,30,copper,LA,90,0,3851.942945495115,60,1,0.3333333333333333,1,0,1,1,1,0,0,0,0,0,0,0
wood,LA,94,"copper,glass,steel",LA,53,0,0.0,41,0,0.0,0,0,0,1,0,1,0,0,0,1,1,0
wood,PHI,83,steel,LA,76,0,3851.942945495115,7,0,0.0,0,0,0,0,0,0,0,0,0,1,1,0
"aluminum,steel",PHI,86,"steel,glass",HOU,73,0,2158.359053661567,13,1,0.3333333333333333,1,0,0,0,0,1,0,0,1,1,0,0
"glass,plastic,wood",HOU,77,steel,HOU,32,0,0.0,45,0,0.0,0,0,0,0,1,0,1,0,0,1,1,0
"wood,aluminum,steel",CHI,26,plastic,NY,91,0,1147.191043173558,65,0,0.0,1,0,0,0,0,0,0,1,1,0,1,0
"aluminum,steel,plastic",HOU,80,"wood,glass,aluminum",NY,92,0,2283.538694936679,12,1,0.2,1,1,0,0,0,1,1,0,1,0,0,1
steel,CHI,69,"glass,copper",PHI,58,0,1070.5725893191616,11,0,0.0,0,0,0,1,0,1,0,0,1,0,0,0
"glass,aluminum",NY,72,copper,PHI,93,0,129.724928189055,21,0,0.0,1,0,0,1,1,0,0,0,0,0,0,0
"steel,copper,glass",LA,80,copper,NY,61,0,3944.422231489921,19,1,0.3333333333333333,0,0,1,1,1,0,0,0,1,0,0,0
glass,NY,98,plastic,PHI,50,0,129.724928189055,48,0,0.0,0,0,0,0,1,0,0,1,0,0,0,0
"wood,copper,steel",LA,1,"aluminum,copper,wood",CHI,46,0,2809.541357660602,45,2,0.5,0,1,1,1,0,0,0,0,1,0,1,1
